<?xml version="1.0" encoding="UTF-8"?>
<!DOCTYPE mapper PUBLIC "-//mybatis.org//DTD Mapper 3.0//EN" "http://mybatis.org/dtd/mybatis-3-mapper.dtd">

<mapper namespace="com.dao.FenpeijiluDao">

	<!-- 可根据自己的需求，是否要使用 -->
    <resultMap type="com.entity.FenpeijiluEntity" id="fenpeijiluMap">
        <result property="hetongbianhao" column="hetongbianhao"/>
        <result property="xiaoqumingcheng" column="xiaoqumingcheng"/>
        <result property="fangwumingcheng" column="fangwumingcheng"/>
        <result property="fangwutupian" column="fangwutupian"/>
        <result property="fangwulouhao" column="fangwulouhao"/>
        <result property="fangwufanghao" column="fangwufanghao"/>
        <result property="jianzhumianji" column="jianzhumianji"/>
        <result property="fangwuzujin" column="fangwuzujin"/>
        <result property="hetongwenjian" column="hetongwenjian"/>
        <result property="hetongneirong" column="hetongneirong"/>
        <result property="fenpeiriqi" column="fenpeiriqi"/>
        <result property="yonghuming" column="yonghuming"/>
        <result property="shouji" column="shouji"/>
        <result property="shenfenzheng" column="shenfenzheng"/>
        <result property="xinxibeizhu" column="xinxibeizhu"/>
    </resultMap>

	<select id="selectListVO"
		resultType="com.entity.vo.FenpeijiluVO" >
		SELECT * FROM fenpeijilu  fenpeijilu         
        <where> 1=1 ${ew.sqlSegment}</where>
	</select>
	
	<select id="selectVO"
		resultType="com.entity.vo.FenpeijiluVO" >
		SELECT  fenpeijilu.* FROM fenpeijilu  fenpeijilu 	
 		<where> 1=1 ${ew.sqlSegment}</where>
	</select>

    <select id="selectListView"
		resultType="com.entity.view.FenpeijiluView" >

		SELECT  fenpeijilu.* FROM fenpeijilu  fenpeijilu 	        
        <where> 1=1 ${ew.sqlSegment}</where>
	</select>
	
	<select id="selectView"
		resultType="com.entity.view.FenpeijiluView" >
		SELECT * FROM fenpeijilu  fenpeijilu <where> 1=1 ${ew.sqlSegment}</where>
	</select>
	

</mapper>
