<?xml version="1.0" encoding="UTF-8"?>
<!DOCTYPE mapper PUBLIC "-//mybatis.org//DTD Mapper 3.0//EN" "http://mybatis.org/dtd/mybatis-3-mapper.dtd">

<mapper namespace="com.dao.HuanfangshenqingjiluDao">

	<!-- 可根据自己的需求，是否要使用 -->
    <resultMap type="com.entity.HuanfangshenqingjiluEntity" id="huanfangshenqingjiluMap">
        <result property="shenqingdanhao" column="shenqingdanhao"/>
        <result property="xiaoqumingcheng" column="xiaoqumingcheng"/>
        <result property="fangwumingcheng" column="fangwumingcheng"/>
        <result property="fangwulouhao" column="fangwulouhao"/>
        <result property="fangwufanghao" column="fangwufanghao"/>
        <result property="jianzhumianji" column="jianzhumianji"/>
        <result property="huanfangxuqiu" column="huanfangxuqiu"/>
        <result property="huanfangyuanyin" column="huanfangyuanyin"/>
        <result property="shenqingshijian" column="shenqingshijian"/>
        <result property="yonghuming" column="yonghuming"/>
        <result property="shouji" column="shouji"/>
        <result property="shenfenzheng" column="shenfenzheng"/>
        <result property="crossuserid" column="crossuserid"/>
        <result property="crossrefid" column="crossrefid"/>
        <result property="sfsh" column="sfsh"/>
        <result property="shhf" column="shhf"/>
    </resultMap>

	<select id="selectListVO"
		resultType="com.entity.vo.HuanfangshenqingjiluVO" >
		SELECT * FROM huanfangshenqingjilu  huanfangshenqingjilu         
        <where> 1=1 ${ew.sqlSegment}</where>
	</select>
	
	<select id="selectVO"
		resultType="com.entity.vo.HuanfangshenqingjiluVO" >
		SELECT  huanfangshenqingjilu.* FROM huanfangshenqingjilu  huanfangshenqingjilu 	
 		<where> 1=1 ${ew.sqlSegment}</where>
	</select>

    <select id="selectListView"
		resultType="com.entity.view.HuanfangshenqingjiluView" >

		SELECT  huanfangshenqingjilu.* FROM huanfangshenqingjilu  huanfangshenqingjilu 	        
        <where> 1=1 ${ew.sqlSegment}</where>
	</select>
	
	<select id="selectView"
		resultType="com.entity.view.HuanfangshenqingjiluView" >
		SELECT * FROM huanfangshenqingjilu  huanfangshenqingjilu <where> 1=1 ${ew.sqlSegment}</where>
	</select>
	

</mapper>
