<?xml version="1.0" encoding="UTF-8"?>
<!DOCTYPE mapper PUBLIC "-//mybatis.org//DTD Mapper 3.0//EN" "http://mybatis.org/dtd/mybatis-3-mapper.dtd">

<mapper namespace="com.dao.JiaofeijiluDao">

	<!-- 可根据自己的需求，是否要使用 -->
    <resultMap type="com.entity.JiaofeijiluEntity" id="jiaofeijiluMap">
        <result property="jiaofeidanhao" column="jiaofeidanhao"/>
        <result property="jiaofeiyuefen" column="jiaofeiyuefen"/>
        <result property="jiaofeimingcheng" column="jiaofeimingcheng"/>
        <result property="jiaofeileixing" column="jiaofeileixing"/>
        <result property="jiaofeijine" column="jiaofeijine"/>
        <result property="jiaofeineirong" column="jiaofeineirong"/>
        <result property="tianjiariqi" column="tianjiariqi"/>
        <result property="xiaoqumingcheng" column="xiaoqumingcheng"/>
        <result property="fangwulouhao" column="fangwulouhao"/>
        <result property="fangwufanghao" column="fangwufanghao"/>
        <result property="yonghuming" column="yonghuming"/>
        <result property="ispay" column="ispay"/>
    </resultMap>

	<select id="selectListVO"
		resultType="com.entity.vo.JiaofeijiluVO" >
		SELECT * FROM jiaofeijilu  jiaofeijilu         
        <where> 1=1 ${ew.sqlSegment}</where>
	</select>
	
	<select id="selectVO"
		resultType="com.entity.vo.JiaofeijiluVO" >
		SELECT  jiaofeijilu.* FROM jiaofeijilu  jiaofeijilu 	
 		<where> 1=1 ${ew.sqlSegment}</where>
	</select>

    <select id="selectListView"
		resultType="com.entity.view.JiaofeijiluView" >

		SELECT  jiaofeijilu.* FROM jiaofeijilu  jiaofeijilu 	        
        <where> 1=1 ${ew.sqlSegment}</where>
	</select>
	
	<select id="selectView"
		resultType="com.entity.view.JiaofeijiluView" >
		SELECT * FROM jiaofeijilu  jiaofeijilu <where> 1=1 ${ew.sqlSegment}</where>
	</select>
	

</mapper>
