<?xml version="1.0" encoding="UTF-8"?>
<!DOCTYPE mapper PUBLIC "-//mybatis.org//DTD Mapper 3.0//EN" "http://mybatis.org/dtd/mybatis-3-mapper.dtd">

<mapper namespace="com.dao.ShenqingjiluDao">

	<!-- 可根据自己的需求，是否要使用 -->
    <resultMap type="com.entity.ShenqingjiluEntity" id="shenqingjiluMap">
        <result property="shenqingbianhao" column="shenqingbianhao"/>
        <result property="xiaoqumingcheng" column="xiaoqumingcheng"/>
        <result property="fangwumingcheng" column="fangwumingcheng"/>
        <result property="fangwutupian" column="fangwutupian"/>
        <result property="fangwulouhao" column="fangwulouhao"/>
        <result property="fangwufanghao" column="fangwufanghao"/>
        <result property="jianzhumianji" column="jianzhumianji"/>
        <result property="fangwuzujin" column="fangwuzujin"/>
        <result property="shenqingwenjian" column="shenqingwenjian"/>
        <result property="shenqingneirong" column="shenqingneirong"/>
        <result property="fenpeizhuangtai" column="fenpeizhuangtai"/>
        <result property="shenqingriqi" column="shenqingriqi"/>
        <result property="yonghuming" column="yonghuming"/>
        <result property="shouji" column="shouji"/>
        <result property="shenfenzheng" column="shenfenzheng"/>
        <result property="sfsh" column="sfsh"/>
        <result property="shhf" column="shhf"/>
    </resultMap>

	<select id="selectListVO"
		resultType="com.entity.vo.ShenqingjiluVO" >
		SELECT * FROM shenqingjilu  shenqingjilu         
        <where> 1=1 ${ew.sqlSegment}</where>
	</select>
	
	<select id="selectVO"
		resultType="com.entity.vo.ShenqingjiluVO" >
		SELECT  shenqingjilu.* FROM shenqingjilu  shenqingjilu 	
 		<where> 1=1 ${ew.sqlSegment}</where>
	</select>

    <select id="selectListView"
		resultType="com.entity.view.ShenqingjiluView" >

		SELECT  shenqingjilu.* FROM shenqingjilu  shenqingjilu 	        
        <where> 1=1 ${ew.sqlSegment}</where>
	</select>
	
	<select id="selectView"
		resultType="com.entity.view.ShenqingjiluView" >
		SELECT * FROM shenqingjilu  shenqingjilu <where> 1=1 ${ew.sqlSegment}</where>
	</select>
	

</mapper>
