<?xml version="1.0" encoding="UTF-8"?>
<!DOCTYPE mapper PUBLIC "-//mybatis.org//DTD Mapper 3.0//EN" "http://mybatis.org/dtd/mybatis-3-mapper.dtd">

<mapper namespace="com.dao.ShenheyuanDao">

	<!-- 可根据自己的需求，是否要使用 -->
    <resultMap type="com.entity.ShenheyuanEntity" id="shenheyuanMap">
        <result property="shenhezhanghao" column="shenhezhanghao"/>
        <result property="mima" column="mima"/>
        <result property="xingming" column="xingming"/>
        <result property="xingbie" column="xingbie"/>
        <result property="zhaopian" column="zhaopian"/>
        <result property="nianling" column="nianling"/>
        <result property="lianxidianhua" column="lianxidianhua"/>
        <result property="shenfenzhenghao" column="shenfenzhenghao"/>
    </resultMap>

	<select id="selectListVO"
		resultType="com.entity.vo.ShenheyuanVO" >
		SELECT * FROM shenheyuan  shenheyuan         
        <where> 1=1 ${ew.sqlSegment}</where>
	</select>
	
	<select id="selectVO"
		resultType="com.entity.vo.ShenheyuanVO" >
		SELECT  shenheyuan.* FROM shenheyuan  shenheyuan 	
 		<where> 1=1 ${ew.sqlSegment}</where>
	</select>

    <select id="selectListView"
		resultType="com.entity.view.ShenheyuanView" >

		SELECT  shenheyuan.* FROM shenheyuan  shenheyuan 	        
        <where> 1=1 ${ew.sqlSegment}</where>
	</select>
	
	<select id="selectView"
		resultType="com.entity.view.ShenheyuanView" >
		SELECT * FROM shenheyuan  shenheyuan <where> 1=1 ${ew.sqlSegment}</where>
	</select>
	

</mapper>
