<?xml version="1.0" encoding="UTF-8"?>
<!DOCTYPE mapper PUBLIC "-//mybatis.org//DTD Mapper 3.0//EN" "http://mybatis.org/dtd/mybatis-3-mapper.dtd">

<mapper namespace="com.dao.XiaoquxinxiDao">

	<!-- 可根据自己的需求，是否要使用 -->
    <resultMap type="com.entity.XiaoquxinxiEntity" id="xiaoquxinxiMap">
        <result property="xiaoqumingcheng" column="xiaoqumingcheng"/>
        <result property="xiaoquleixing" column="xiaoquleixing"/>
        <result property="xiaoqurenshu" column="xiaoqurenshu"/>
        <result property="xiaoquweizhi" column="xiaoquweizhi"/>
        <result property="xiaoqujianjie" column="xiaoqujianjie"/>
    </resultMap>

	<select id="selectListVO"
		resultType="com.entity.vo.XiaoquxinxiVO" >
		SELECT * FROM xiaoquxinxi  xiaoquxinxi         
        <where> 1=1 ${ew.sqlSegment}</where>
	</select>
	
	<select id="selectVO"
		resultType="com.entity.vo.XiaoquxinxiVO" >
		SELECT  xiaoquxinxi.* FROM xiaoquxinxi  xiaoquxinxi 	
 		<where> 1=1 ${ew.sqlSegment}</where>
	</select>

    <select id="selectListView"
		resultType="com.entity.view.XiaoquxinxiView" >

		SELECT  xiaoquxinxi.* FROM xiaoquxinxi  xiaoquxinxi 	        
        <where> 1=1 ${ew.sqlSegment}</where>
	</select>
	
	<select id="selectView"
		resultType="com.entity.view.XiaoquxinxiView" >
		SELECT * FROM xiaoquxinxi  xiaoquxinxi <where> 1=1 ${ew.sqlSegment}</where>
	</select>
	

</mapper>
